name,email,phone_number
Richard Myers,jillian25@welch.org,954-772-3098
Chelsea Holmes,katrina56@hotmail.com,754-434-6706
Brandon Bennett,hawkinsrichard@fry-cooper.net,760-832-1280
David Smith,rphillips@sutton-bates.com,219-864-5639
Dennis Cruz,michellehenderson@gmail.com,970-500-2065
Michael Johnson,carolgriffith@hotmail.com,929-785-9408
Linda Krueger,curtisevans@yahoo.com,161-806-4114
Carrie Jones,brittney21@stewart.com,685-618-9177
Spencer Richards,ehodges@yahoo.com,559-956-8719
Rebecca King,tina89@hotmail.com,299-956-2080
Nancy Ferguson,greenerin@hotmail.com,723-164-4625
Donald Johnson,craigbrown@mccarty.com,358-895-2607
Charles Kennedy,cardenasjoshua@gmail.com,640-244-2348
Christopher Smith,brownbilly@hotmail.com,355-536-8806
Amanda Thomas,millerlisa@mccarthy.org,872-487-2447
David Jimenez,rickyfriedman@gmail.com,760-987-4856
Caitlin Murphy,greenkeith@yahoo.com,339-652-3482
Jamie Smith,paul92@yahoo.com,896-423-4681
Julia Robinson,kyle41@townsend.com,482-656-2445
Debra Hunter,rebecca74@gmail.com,496-999-3437
